Seattle, 98122, WA
New York, 10009, NY
Hilton Head Island, 29928, SC
Washington, 20008, DC
New York, 10011, NY
Los Angeles, 90029, CA
South San Francisco, 94080, CA
Fairfield, 06824, CT
Alameda, 94501, CA
New York, 11238, NY
Los Angeles, 90026, CA
New York, 10025, NY
Boston, 02130, MA
Cambridge, 02139, MA
New York, 10128, NY
San Francisco, 94118, CA
Baltimore, 21201, MD
Glendale, 91202, CA
Menlo Park, 94025, CA
Cherry Hill, 08003, NJ
Beachwood, 44122, OH
Washington, 20002, DC
Nashville, 37206, TN
Los Angeles, 90036, CA
New York, 10023, NY
Chicago, 60614, IL
New York, 10034, NY
Seattle, 98118, WA
New York, 10024, NY
Brooklyn, 11217, NY
Alpharetta, 30004, GA
Alhambra, 91801, CA
Rancho Santa Margarita, 92688, CA
Culver City, 90232, CA
New York, 10033, NY
New York, 10038, NY
Arlington, 02476, MA
New York, 10040, NY
New Orleans, 70122, LA
New York, 11222, NY
Brooklyn, 11226, NY
Chicago, 60657, IL
Memphis, 38103, TN
Portland, 97212, OR
Downingtown, 19335, PA
Smyrna, 30080, GA
Alexandria, 22314, VA
New York, 11109, NY
Charleston, 29401, SC
Mount Pleasant, 29464, SC
Pittsburgh, 15217, PA
Seattle, 98107, WA
New York, 10010, NY
New York, 11101, NY
Denver, 80218, CO
Long Beach, 90815, CA
Somerville, 02143, MA
Cambridge, 02138, MA
Seattle, 98112, WA
Corte Madera, 94925, CA
South Orange, 07079, NJ
Olympic Valley, 96146, CA
Atlanta, 30318, GA
New York, 10031, NY
Austin, 78703, TX
New York, 10019, NY
San Francisco, 94117, CA
San Francisco, 94110, CA
Bellingham, 98225, WA
Cincinnati, 45209, OH
Bowie, 20715, MD
Mason, 45040, OH
Brooklyn, 11231, NY
St Paul, 55114, MN
San Francisco, 94103, CA
Del Mar, 92014, CA
Los Angeles, 90046, CA
Durham, 27701, NC
Manhattan, 66502, KS
Somerville, 02144, MA
Salt Lake City, 84106, UT
Clarksville, 37043, TN
Chicago, 60607, IL
Sterling, 20165, VA
Glendale, 91204, CA
New York, 11375, NY
Half Moon Bay, 94019, CA
Pacifica, 94044, CA
Arlington, 22203, VA
San Francisco, 94158, CA
Seattle, 98104, WA
Woodmere, 11598, NY
Nashville, 37208, TN
Lake Orion, 48362, MI
Arlington, 22201, VA
Washington, 20010, DC
New York, 10027, NY
Jersey City, 07302, NJ
Pittsboro, 27312, NC
Baltimore, 21230, MD
New York, 10007, NY
Boston, 02118, MA
Minneapolis, 55422, MN
San Francisco, 94109, CA
State College, 16801, PA
Middletown, 02842, RI
Norman, 73069, OK
San Francisco, 94121, CA
Fairdale, 40118, KY
New Orleans, 70118, LA
Belchertown, 01007, MA
Detroit, 48214, MI
Brooklyn, 11205, NY
Cambridge, 02141, MA
Belmont, 94002, CA
Brookline, 02445, MA
Rockford, 61108, IL
Chino Hills, 91709, CA
Verona, 53593, WI
Los Angeles, 90039, CA
New York, 11232, NY
Fredericksburg, 22401, VA
San Carlos, 94070, CA
Portland, 97223, OR
Arlington, 22204, VA
Medford, 02155, MA
San Mateo, 94404, CA
Oak Park, 60302, IL
Charlottesville, 22901, VA
West New York, 07093, NJ
New York, 11103, NY
Jacksonville, 32210, FL
Austin, 78747, TX
Chicago, 60647, IL
Chicago, 60622, IL
New York, 10016, NY
Santa Barbara, 93105, CA
New York, 10013, NY
Ithaca, 14850, NY
New York, 10005, NY
Seattle, 98105, WA
Minneapolis, 55407, MN
Washington, 20009, DC
Philadelphia, 19107, PA
Ashley Falls, 01222, MA
Brooklyn, 11249, NY
Brooklyn, 11215, NY
Berkeley, 94708, CA
New York, 11237, NY
Austin, 78704, TX
Boston, 02115, MA
New York, 11216, NY
Chicago, 60610, IL
Fremont, 94538, CA
Freehold, 07728, NJ
Rockville, 20850, MD
Brooklyn, 11201, NY
Belvedere-Tiburon, 94920, CA
Austin, 78748, TX
Seattle, 98119, WA
Blacksburg, 24060, VA
New York, 10035, NY
Dallas, 75206, TX
Fairfax, 94930, CA
Anchorage, 99516, AK
San Francisco, 94102, CA
Rochester, 55902, MN
Washington, 20037, DC
Marquette, 49855, MI
Providence, 02906, RI
New York, 10012, NY
Kirkland, 98033, WA
Mountain View, 94041, CA
Austin, 78749, TX
Quincy, 62301, IL
New York, 10029, NY
Hoboken, 07030, NJ
Brookline, 02446, MA
San Francisco, 94131, CA
St Paul, 55116, MN
Minneapolis, 55418, MN
Columbus, 43085, OH
Eau Claire, 54701, WI
Ventura, 93003, CA
San Francisco, 94133, CA
Seattle, 98117, WA
Berkeley, 94705, CA
Cliffside Park, 07010, NJ
San Francisco, 94122, CA
Walnut Creek, 94597, CA
Olivebridge, 12461, NY
, Sudhurland
San Francisco, 94114, CA
Sacramento, 95811, CA
Alameda, 94502, CA
Capistrano Beach, 92624, CA
San Francisco, 94115, CA
Brooklyn, 11211, NY
Hempstead, 11566, NY
Washington, 20001, DC
Washington, 20005, DC
New York, 10003, NY
Arlington Heights, 60004, IL
Chesterfield, 63005, MO
Redwood City, 94061, CA
St Paul, 55109, MN
Washington, 20003, DC
Berkeley, 94703, CA
Carmel, 93921, CA
St George, 04860, ME
Denver, 80211, CO
Santa Cruz, 95062, CA
Los Angeles, 90272, CA
San Francisco, 94107, CA
Rovaniemi, 96910, Finland
Hyattsville, 20781, MD
New York, 10026, NY
New Castle, 03854, NH
Las Vegas, 89117, NV
Decatur, 30030, GA
New York, 10039, NY
Claverack, 12513, NY
Gardiner, 12525, NY
Tucson, 85718, AZ
North Bergen, 07047, NJ
Duarte, 91010, CA
Dallas, 75229, TX
New Orleans, 70117, LA
Edgewater, 07020, NJ
Oakland, 94612, CA
Columbus, 43206, OH
Philadelphia, 19146, PA
Brooklyn, 11206, NY
Boulder, 80304, CO
Pittsburgh, 15213, PA
Geneva, 60134, IL
Seattle, 98116, WA
La Conner, 98257, WA
Calistoga, 94515, CA
Cincinnati, 45202, OH
Durham, 27705, NC
White Plains, 10605, NY
Missoula, 59801, MT
Ramsey, 07446, NJ
San Diego, 92120, CA
Philadelphia, 19129, PA
St Louis, 63101, MO
Chicago, 60615, IL
Salt Lake City, 84105, UT
Seattle, 98188, WA
Madison, 53703, WI
King of Prussia, 19406, PA
Dublin, 43017, OH
Miami Beach, 33154, FL
New York, 10001, NY
Emeryville, 94608, CA
Los Angeles, 90034, CA
St Paul, 55104, MN
Kittery, 03904, ME
Chicago, 60625, IL
Bijou, 96150, CA
Alexandria, 22307, VA
Portland, 04101, ME
Kohtla-JÃ¤rve, 30323, Estonia
Hilton Head Island, 29926, SC
Palo Alto, 94306, CA
Philadelphia, 19125, PA
Renton, 98057, WA
Chapel Hill, 27514, NC
Merritt, 28556, NC
Glencoe, 60022, IL
Green Bay, 54313, WI
Fresno, 93711, CA
Bronx, 10463, NY
Kennebunkport, 04014, ME
Chicago, 60642, IL
Minneapolis, 55408, MN
Hillsboro, 97123, OR
San Diego, 92117, CA
Manteca, 95336, CA
Warren, 48092, MI
Short Hills, 07078, NJ
Buffalo, 14213, NY
Lawrence, 11559, NY
Westwood, 02090, MA
Dublin, 43016, OH
Glencoe, 63038, MO
Richmond, 23219, VA
Madison, 07940, NJ
Pittsburgh, 15201, PA
San Diego, 92101, CA
Trabuco Canyon, 92679, CA
San Anselmo, 94960, CA
Ballston Spa, 12020, NY
Harrison, 07029, NJ
Oakland, 94611, CA
Beverly Hills, 90211, CA
Sacramento, 95820, CA
Pleasant Hill, 94523, CA
San Jose, 95134, CA
Nashua, 03062, NH
Greensboro, 27403, NC
Champaign, 61822, IL
Los Angeles, 90027, CA
Sammamish, 98074, WA
Mountain View, 94043, CA
Gainesville, 32601, FL
San Diego, 92106, CA
Bainbridge Island, 98110, WA
Torrance, 90501, CA
Philadelphia, 19106, PA
